<application>
  <component name="FileTypeManager" version="18">
    <extensionMap>
      <mapping pattern="level-3" type="AUTO_DETECTED" />
      <mapping pattern="primitive" type="AUTO_DETECTED" />
      <mapping pattern="chemotherapy" type="AUTO_DETECTED" />
      <mapping pattern="trigger-source-names" type="AUTO_DETECTED" />
      <mapping pattern="gitkeep" type="AUTO_DETECTED" />
      <mapping pattern=".firebaserc" type="PLAIN_TEXT" />
      <mapping pattern=".gitkeep" type="PLAIN_TEXT" />
      <mapping ext="store" type="PLAIN_TEXT" />
      <mapping ext="cache" type="PLAIN_TEXT" />
      <mapping ext="routing" type="PLAIN_TEXT" />
      <mapping ext="module" type="PLAIN_TEXT" />
      <mapping ext="me" type="PLAIN_TEXT" />
      <mapping ext="tw" type="PLAIN_TEXT" />
      <mapping ext="tss" type="PLAIN_TEXT" />
      <mapping ext="pem" type="PLAIN_TEXT" />
    </extensionMap>
  </component>
</application>